{
  "version": 1,
  "author": "Anonymous maker",
  "editor": "wokwi",
  "parts": [
    { "type": "wokwi-esp32-devkit-v1", "id": "esp", "top": 0, "left": 0, "attrs": {} },
    {
      "type": "wokwi-led",
      "id": "led1",
      "top": -4.98,
      "left": -128.67,
      "attrs": { "color": "green" }
    },
    {
      "type": "wokwi-led",
      "id": "led2",
      "top": -4.53,
      "left": -97.03,
      "attrs": { "color": "blue" }
    },
    {
      "type": "wokwi-led",
      "id": "led3",
      "top": -5.12,
      "left": -166.22,
      "attrs": { "color": "red" }
    },
    {
      "type": "wokwi-led",
      "id": "led4",
      "top": -4.67,
      "left": -69.11,
      "attrs": { "color": "yellow" }
    },
    {
      "type": "wokwi-pushbutton",
      "id": "btn1",
      "top": 267.04,
      "left": 161.03,
      "attrs": { "color": "green" }
    },
    {
      "type": "wokwi-pushbutton",
      "id": "btn2",
      "top": 214.49,
      "left": 160.44,
      "attrs": { "color": "green" }
    },
    {
      "type": "wokwi-photoresistor-sensor",
      "id": "ldr1",
      "top": 4.71,
      "left": 171.29,
      "attrs": {}
    },
    {
      "type": "wokwi-buzzer",
      "id": "bz1",
      "top": 172.4,
      "left": -152.69,
      "attrs": { "volume": "0.1" }
    }
  ],
  "connections": [
    [ "esp:TX0", "$serialMonitor:RX", "", [] ],
    [ "esp:RX0", "$serialMonitor:TX", "", [] ],
    [ "led4:C", "esp:GND.2", "green", [ "v0" ] ],
    [ "led2:C", "esp:GND.2", "green", [ "v0" ] ],
    [ "led1:C", "esp:GND.2", "green", [ "v0" ] ],
    [ "led3:C", "esp:GND.2", "green", [ "v0" ] ],
    [ "esp:D14", "led1:A", "green", [ "h0" ] ],
    [ "led2:A", "esp:D32", "green", [ "v0" ] ],
    [ "led4:A", "esp:D33", "green", [ "v0" ] ],
    [ "ldr1:GND", "esp:GND.1", "black", [ "h29.17", "v134.74" ] ],
    [ "ldr1:VCC", "esp:3V3", "red", [ "h22.94", "v-57.35", "h-250.17", "v200.31" ] ],
    [ "ldr1:AO", "esp:D4", "green", [ "h7.81", "v73.4" ] ],
    [ "btn2:2.l", "esp:GND.1", "green", [ "h-41.3", "v-1.05" ] ],
    [ "btn2:1.r", "esp:D21", "green", [ "v0" ] ],
    [ "btn1:1.r", "esp:D18", "green", [ "v-184.21", "h-35.27" ] ],
    [ "btn1:2.l", "esp:GND.1", "green", [ "h-31.21", "v-148.59" ] ],
    [ "bz1:1", "esp:GND.2", "green", [ "v18.33", "h96.4", "v-124.39" ] ],
    [ "bz1:2", "esp:D26", "green", [ "v-11.97", "h85.31", "v-145.65" ] ],
    [ "led3:A", "esp:D25", "green", [ "v0" ] ]
  ]
}